# config, g, E, ionLevel, Qn, Eth_eV, Eth_Hz, Eth_nm
3s2.3p6                    1.0  0.000000 15.759612 1.00  1.58e+01  3.81e+15        78.6721
3s2.3p5.(2P*<3/2>).4s      5.0 11.548354 15.759612 2.05  4.21e+00  1.02e+15       294.4113
3s2.3p5.(2P*<3/2>).4s      3.0 11.623593 15.759612 2.05  4.14e+00  1.00e+15       299.7670
3s2.3p5.(2P*<1/2>).4s      1.0 11.723160 15.937106 2.05  4.21e+00  1.02e+15       294.2235
3s2.3p5.(2P*<1/2>).4s      3.0 11.828071 15.937106 2.05  4.11e+00  9.94e+14       301.7356
3s2.3p5.(2P*<3/2>).4p      3.0 12.907015 15.759612 2.05  2.85e+00  6.90e+14       434.6362
3s2.3p5.(2P*<3/2>).4p      7.0 13.075716 15.759612 2.05  2.68e+00  6.49e+14       461.9561
3s2.3p5.(2P*<3/2>).4p      5.0 13.094873 15.759612 2.05  2.66e+00  6.44e+14       465.2771
3s2.3p5.(2P*<3/2>).4p      3.0 13.153144 15.759612 2.05  2.61e+00  6.30e+14       475.6790
3s2.3p5.(2P*<3/2>).4p      5.0 13.171778 15.759612 2.05  2.59e+00  6.26e+14       479.1042
3s2.3p5.(2P*<3/2>).4p      1.0 13.273038 15.759612 2.05  2.49e+00  6.01e+14       498.6146
3s2.3p5.(2P*<1/2>).4p      3.0 13.282639 15.937106 2.05  2.65e+00  6.42e+14       467.0776
3s2.3p5.(2P*<1/2>).4p      5.0 13.302227 15.937106 2.05  2.63e+00  6.37e+14       470.5500
3s2.3p5.(2P*<1/2>).4p      3.0 13.327857 15.937106 2.05  2.61e+00  6.31e+14       475.1720
3s2.3p5.(2P*<1/2>).4p      1.0 13.479887 15.937106 2.05  2.46e+00  5.94e+14       504.5713
3s2.3p5.(2P*<3/2>).3d      1.0 13.845038 15.759612 1.00  1.91e+00  4.63e+14       647.5812
3s2.3p5.(2P*<3/2>).3d      3.0 13.863669 15.759612 1.00  1.90e+00  4.58e+14       653.9448
3s2.3p5.(2P*<3/2>).3d      5.0 13.903455 15.759612 1.00  1.86e+00  4.49e+14       667.9618
3s2.3p5.(2P*<3/2>).3d      9.0 13.979237 15.759612 1.00  1.78e+00  4.30e+14       696.3938
3s2.3p5.(2P*<3/2>).3d      7.0 14.012738 15.759612 1.00  1.75e+00  4.22e+14       709.7490
3s2.3p5.(2P*<3/2>).3d      5.0 14.063027 15.759612 1.00  1.70e+00  4.10e+14       730.7869
3s2.3p5.(2P*<3/2>).5s      5.0 14.068298 15.759612 1.00  1.69e+00  4.09e+14       733.0644
3s2.3p5.(2P*<3/2>).5s      3.0 14.089968 15.759612 1.00  1.67e+00  4.04e+14       742.5787
3s2.3p5.(2P*<3/2>).3d      7.0 14.099056 15.759612 1.00  1.66e+00  4.02e+14       746.6427
3s2.3p5.(2P*<3/2>).3d      3.0 14.152515 15.759612 1.00  1.61e+00  3.89e+14       771.4793
3s2.3p5.(2P*<1/2>).3d      5.0 14.213672 15.937106 1.00  1.72e+00  4.17e+14       719.4022
3s2.3p5.(2P*<1/2>).3d      5.0 14.234023 15.937106 1.00  1.70e+00  4.12e+14       727.9987
3s2.3p5.(2P*<1/2>).3d      7.0 14.236106 15.937106 1.00  1.70e+00  4.11e+14       728.8902
3s2.3p5.(2P*<1/2>).5s      1.0 14.241028 15.937106 1.00  1.70e+00  4.10e+14       731.0055
3s2.3p5.(2P*<1/2>).5s      3.0 14.255086 15.937106 1.00  1.68e+00  4.07e+14       737.1151
3s2.3p5.(2P*<1/2>).3d      3.0 14.303668 15.937106 1.00  1.63e+00  3.95e+14       759.0385
3s2.3p5.(2P*<3/2>).5p      3.0 14.463996 15.759612 1.00  1.30e+00  3.13e+14       956.9518
3s2.3p5.(2P*<3/2>).5p      7.0 14.499054 15.759612 1.00  1.26e+00  3.05e+14       983.5661
3s2.3p5.(2P*<3/2>).5p      5.0 14.506068 15.759612 1.00  1.25e+00  3.03e+14       989.0695
3s2.3p5.(2P*<3/2>).5p      3.0 14.524913 15.759612 1.00  1.23e+00  2.99e+14      1004.1655
3s2.3p5.(2P*<3/2>).5p      5.0 14.528913 15.759612 1.00  1.23e+00  2.98e+14      1007.4292
3s2.3p5.(2P*<3/2>).5p      1.0 14.575949 15.759612 1.00  1.18e+00  2.86e+14      1047.4621
3s2.3p5.(2P*<1/2>).5p      3.0 14.680650 15.937106 1.00  1.26e+00  3.04e+14       986.7774
3s2.3p5.(2P*<1/2>).5p      3.0 14.687118 15.937106 1.00  1.25e+00  3.02e+14       991.8834
3s2.3p5.(2P*<1/2>).5p      5.0 14.688290 15.937106 1.00  1.25e+00  3.02e+14       992.8143
3s2.3p5.(2P*<3/2>).4d      1.0 14.693640 15.759612 1.00  1.07e+00  2.58e+14      1163.1094
3s2.3p5.(2P*<3/2>).4d      3.0 14.710898 15.759612 1.00  1.05e+00  2.54e+14      1182.2500
3s2.3p5.(2P*<1/2>).5p      1.0 14.738115 15.937106 1.00  1.20e+00  2.90e+14      1034.0715
3s2.3p5.(2P*<3/2>).4d      5.0 14.742541 15.759612 1.00  1.02e+00  2.46e+14      1219.0320
3s2.3p5.(2P*<3/2>).4d      9.0 14.757052 15.759612 1.00  1.00e+00  2.42e+14      1236.6762
3s2.3p5.(2P*<3/2>).4d      7.0 14.780512 15.759612 1.00  9.79e-01  2.37e+14      1266.3079
3s2.3p5.(2P*<3/2>).4d      5.0 14.809272 15.759612 1.00  9.50e-01  2.30e+14      1304.6300
3s2.3p5.(2P*<3/2>).4d      7.0 14.824298 15.759612 1.00  9.35e-01  2.26e+14      1325.5892
3s2.3p5.(2P*<3/2>).6s      5.0 14.838811 15.759612 1.00  9.21e-01  2.23e+14      1346.4822
3s2.3p5.(2P*<3/2>).6s      3.0 14.848369 15.759612 1.00  9.11e-01  2.20e+14      1360.6054
3s2.3p5.(2P*<3/2>).4d      3.0 14.859230 15.759612 1.00  9.00e-01  2.18e+14      1377.0179
3s2.3p5.(2P*<3/2>).4f      3.0 14.901442 15.759612 1.00  8.58e-01  2.08e+14      1444.7512
3s2.3p5.(2P*<3/2>).4f      5.0 14.901491 15.759612 1.00  8.58e-01  2.07e+14      1444.8337
3s2.3p5.(2P*<3/2>).4f     11.0 14.903785 15.759612 1.00  8.56e-01  2.07e+14      1448.7065
3s2.3p5.(2P*<3/2>).4f      9.0 14.903790 15.759612 1.00  8.56e-01  2.07e+14      1448.7150
3s2.3p5.(2P*<3/2>).4f      7.0 14.906589 15.759612 1.00  8.53e-01  2.06e+14      1453.4686
3s2.3p5.(2P*<3/2>).4f      5.0 14.906628 15.759612 1.00  8.53e-01  2.06e+14      1453.5350
3s2.3p5.(2P*<3/2>).4f      7.0 14.909085 15.759612 1.00  8.51e-01  2.06e+14      1457.7340
3s2.3p5.(2P*<3/2>).4f      9.0 14.909089 15.759612 1.00  8.51e-01  2.06e+14      1457.7409
3s2.3p5.(2P*<1/2>).4d      5.0 14.952605 15.937106 1.00  9.85e-01  2.38e+14      1259.3614
3s2.3p5.(2P*<1/2>).4d      5.0 14.954852 15.937106 1.00  9.82e-01  2.38e+14      1262.2423
3s2.3p5.(2P*<1/2>).4d      7.0 14.971522 15.937106 1.00  9.66e-01  2.33e+14      1284.0338
3s2.3p5.(2P*<1/2>).4d      3.0 15.003566 15.937106 1.00  9.34e-01  2.26e+14      1328.1086
3s2.3p5.(2P*<3/2>).6p      3.0 15.010610 15.759612 1.00  7.49e-01  1.81e+14      1655.3256
3s2.3p5.(2P*<1/2>).6s      1.0 15.014065 15.937106 1.00  9.23e-01  2.23e+14      1343.2150
3s2.3p5.(2P*<1/2>).6s      3.0 15.022088 15.937106 1.00  9.15e-01  2.21e+14      1354.9925
3s2.3p5.(2P*<3/2>).6p      7.0 15.022591 15.759612 1.00  7.37e-01  1.78e+14      1682.2345
3s2.3p5.(2P*<3/2>).6p      5.0 15.025869 15.759612 1.00  7.34e-01  1.77e+14      1689.7499
3s2.3p5.(2P*<3/2>).6p      3.0 15.033972 15.759612 1.00  7.26e-01  1.75e+14      1708.6188
3s2.3p5.(2P*<3/2>).6p      5.0 15.035640 15.759612 1.00  7.24e-01  1.75e+14      1712.5554
3s2.3p5.(2P*<3/2>).6p      1.0 15.060390 15.759612 1.00  6.99e-01  1.69e+14      1773.1738
3s2.3p5.(2P*<1/2>).4f      7.0 15.083079 15.937106 1.00  8.54e-01  2.07e+14      1451.7604
3s2.3p5.(2P*<1/2>).4f      9.0 15.083084 15.937106 1.00  8.54e-01  2.07e+14      1451.7689
3s2.3p5.(2P*<1/2>).4f      7.0 15.083203 15.937106 1.00  8.54e-01  2.06e+14      1451.9712
3s2.3p5.(2P*<1/2>).4f      5.0 15.083246 15.937106 1.00  8.54e-01  2.06e+14      1452.0444
3s2.3p5.(2P*<3/2>).5d      1.0 15.100544 15.759612 1.00  6.59e-01  1.59e+14      1881.2052
3s2.3p5.(2P*<3/2>).5d      3.0 15.117746 15.759612 1.00  6.42e-01  1.55e+14      1931.6215
3s2.3p5.(2P*<3/2>).5d      9.0 15.130544 15.759612 1.00  6.29e-01  1.52e+14      1970.9192
3s2.3p5.(2P*<3/2>).5d      5.0 15.136848 15.759612 1.00  6.23e-01  1.51e+14      1990.8700
3s2.3p5.(2P*<3/2>).5d      7.0 15.145928 15.759612 1.00  6.14e-01  1.48e+14      2020.3267
3s2.3p5.(2P*<3/2>).5d      5.0 15.161049 15.759612 1.00  5.99e-01  1.45e+14      2071.3646
3s2.3p5.(2P*<3/2>).5d      7.0 15.166946 15.759612 1.00  5.93e-01  1.43e+14      2091.9746
3s2.3p5.(2P*<3/2>).7s      5.0 15.180634 15.759612 1.00  5.79e-01  1.40e+14      2141.4323
3s2.3p5.(2P*<3/2>).7s      3.0 15.185508 15.759612 1.00  5.74e-01  1.39e+14      2159.6125
3s2.3p5.(2P*<3/2>).5d      3.0 15.189824 15.759612 1.00  5.70e-01  1.38e+14      2175.9711
3s2.3p5.(2P*<1/2>).6p      3.0 15.200615 15.937106 1.00  7.36e-01  1.78e+14      1683.4458
3s2.3p5.(2P*<1/2>).6p      3.0 15.201658 15.937106 1.00  7.35e-01  1.78e+14      1685.8333
3s2.3p5.(2P*<1/2>).6p      5.0 15.204809 15.937106 1.00  7.32e-01  1.77e+14      1693.0872
3s2.3p5.(2P*<3/2>).5f      3.0 15.211133 15.759612 1.00  5.48e-01  1.33e+14      2260.5099
3s2.3p5.(2P*<3/2>).5f      5.0 15.211176 15.759612 1.00  5.48e-01  1.33e+14      2260.6871
3s2.3p5.(2P*<3/2>).5f     11.0 15.212320 15.759612 1.00  5.47e-01  1.32e+14      2265.4126
3s2.3p5.(2P*<3/2>).5f      9.0 15.212328 15.759612 1.00  5.47e-01  1.32e+14      2265.4457
3s2.3p5.(2P*<3/2>).5f      7.0 15.213841 15.759612 1.00  5.46e-01  1.32e+14      2271.7261
3s2.3p5.(2P*<3/2>).5f      5.0 15.213869 15.759612 1.00  5.46e-01  1.32e+14      2271.8426
3s2.3p5.(2P*<3/2>).5g      5.0 15.214033 15.759612 1.00  5.46e-01  1.32e+14      2272.5255
3s2.3p5.(2P*<3/2>).5g      7.0 15.214033 15.759612 1.00  5.46e-01  1.32e+14      2272.5255
3s2.3p5.(2P*<3/2>).5g     13.0 15.214453 15.759612 1.00  5.45e-01  1.32e+14      2274.2763
3s2.3p5.(2P*<3/2>).5g     11.0 15.214453 15.759612 1.00  5.45e-01  1.32e+14      2274.2763
3s2.3p5.(2P*<3/2>).5f      7.0 15.215071 15.759612 1.00  5.45e-01  1.32e+14      2276.8574
3s2.3p5.(2P*<3/2>).5f      9.0 15.215075 15.759612 1.00  5.45e-01  1.32e+14      2276.8741
3s2.3p5.(2P*<3/2>).5g      9.0 15.215275 15.759612 1.00  5.44e-01  1.32e+14      2277.7107
3s2.3p5.(2P*<3/2>).5g      7.0 15.215275 15.759612 1.00  5.44e-01  1.32e+14      2277.7107
3s2.3p5.(2P*<3/2>).5g     11.0 15.215712 15.759612 1.00  5.44e-01  1.32e+14      2279.5407
3s2.3p5.(2P*<3/2>).5g      9.0 15.215712 15.759612 1.00  5.44e-01  1.32e+14      2279.5407
3s2.3p5.(2P*<1/2>).6p      1.0 15.224087 15.937106 1.00  7.13e-01  1.72e+14      1738.8635
3s2.3p5.(2P*<3/2>).7p      3.0 15.271372 15.759612 1.00  4.88e-01  1.18e+14      2539.4114
3s2.3p5.(2P*<3/2>).7p      7.0 15.275570 15.759612 1.00  4.84e-01  1.17e+14      2561.4352
3s2.3p5.(2P*<3/2>).7p      5.0 15.277418 15.759612 1.00  4.82e-01  1.17e+14      2571.2519
3s2.3p5.(2P*<3/2>).7p      3.0 15.281661 15.759612 1.00  4.78e-01  1.16e+14      2594.0781
3s2.3p5.(2P*<3/2>).7p      5.0 15.282481 15.759612 1.00  4.77e-01  1.15e+14      2598.5363
3s2.3p5.(2P*<1/2>).5d      5.0 15.296293 15.937106 1.00  6.41e-01  1.55e+14      1934.7966
3s2.3p5.(2P*<3/2>).7p      1.0 15.297796 15.759612 1.00  4.62e-01  1.12e+14      2684.7105
3s2.3p5.(2P*<3/2>).6d      3.0 15.308078 15.759612 1.00  4.52e-01  1.09e+14      2745.8447
3s2.3p5.(2P*<1/2>).5d      5.0 15.312729 15.937106 1.00  6.24e-01  1.51e+14      1985.7279
3s2.3p5.(2P*<3/2>).6d      1.0 15.313155 15.759612 1.00  4.46e-01  1.08e+14      2777.0698
3s2.3p5.(2P*<1/2>).5d      7.0 15.319168 15.937106 1.00  6.18e-01  1.49e+14      2006.4195
3s2.3p5.(2P*<3/2>).6d      9.0 15.331040 15.759612 1.00  4.29e-01  1.04e+14      2892.9614
3s2.3p5.(2P*<3/2>).6d      7.0 15.346003 15.759612 1.00  4.14e-01  1.00e+14      2997.6192
3s2.3p5.(2P*<3/2>).6d      5.0 15.350299 15.759612 1.00  4.09e-01  9.90e+13      3029.0811
3s2.3p5.(2P*<1/2>).5d      3.0 15.351173 15.937106 1.00  5.86e-01  1.42e+14      2116.0148
3s2.3p5.(2P*<3/2>).6d      5.0 15.352560 15.759612 1.00  4.07e-01  9.84e+13      3045.9064
3s2.3p5.(2P*<3/2>).6d      7.0 15.353263 15.759612 1.00  4.06e-01  9.83e+13      3051.1759
3s2.3p5.(2P*<1/2>).7s      1.0 15.358295 15.937106 1.00  5.79e-01  1.40e+14      2142.0514
3s2.3p5.(2P*<1/2>).7s      3.0 15.359436 15.937106 1.00  5.78e-01  1.40e+14      2146.2823
3s2.3p5.(2P*<3/2>).8s      5.0 15.362041 15.759612 1.00  3.98e-01  9.61e+13      3118.5431
3s2.3p5.(2P*<3/2>).8s      3.0 15.366089 15.759612 1.00  3.94e-01  9.52e+13      3150.6222
3s2.3p5.(2P*<3/2>).6d      3.0 15.373670 15.759612 1.00  3.86e-01  9.33e+13      3212.5094
3s2.3p5.(2P*<3/2>).6f      3.0 15.379136 15.759612 1.00  3.80e-01  9.20e+13      3258.6610
3s2.3p5.(2P*<3/2>).6f      5.0 15.379156 15.759612 1.00  3.80e-01  9.20e+13      3258.8323
3s2.3p5.(2P*<3/2>).6f     11.0 15.379819 15.759612 1.00  3.80e-01  9.18e+13      3264.5212
3s2.3p5.(2P*<3/2>).6f      9.0 15.379822 15.759612 1.00  3.80e-01  9.18e+13      3264.5470
3s2.3p5.(2P*<3/2>).6f      7.0 15.380410 15.759612 1.00  3.79e-01  9.17e+13      3269.6091
3s2.3p5.(2P*<3/2>).6f      5.0 15.380442 15.759612 1.00  3.79e-01  9.17e+13      3269.8850
3s2.3p5.(2P*<3/2>).6g      5.0 15.380867 15.759612 1.00  3.79e-01  9.16e+13      3273.5543
3s2.3p5.(2P*<3/2>).6g      7.0 15.380867 15.759612 1.00  3.79e-01  9.16e+13      3273.5543
3s2.3p5.(2P*<3/2>).6g     11.0 15.381105 15.759612 1.00  3.79e-01  9.15e+13      3275.6126
3s2.3p5.(2P*<3/2>).6g     13.0 15.381105 15.759612 1.00  3.79e-01  9.15e+13      3275.6126
3s2.3p5.(2P*<3/2>).6f      7.0 15.381260 15.759612 1.00  3.78e-01  9.15e+13      3276.9546
3s2.3p5.(2P*<3/2>).6f      9.0 15.381262 15.759612 1.00  3.78e-01  9.15e+13      3276.9719
3s2.3p5.(2P*<3/2>).6g      9.0 15.381548 15.759612 1.00  3.78e-01  9.14e+13      3279.4509
3s2.3p5.(2P*<3/2>).6g      7.0 15.381548 15.759612 1.00  3.78e-01  9.14e+13      3279.4509
3s2.3p5.(2P*<3/2>).6g      9.0 15.381800 15.759612 1.00  3.78e-01  9.14e+13      3281.6383
3s2.3p5.(2P*<3/2>).6g     11.0 15.381800 15.759612 1.00  3.78e-01  9.14e+13      3281.6383
3s2.3p5.(2P*<1/2>).5f      7.0 15.390861 15.937106 1.00  5.46e-01  1.32e+14      2269.7561
3s2.3p5.(2P*<1/2>).5f      9.0 15.390865 15.937106 1.00  5.46e-01  1.32e+14      2269.7728
3s2.3p5.(2P*<1/2>).5f      7.0 15.391053 15.937106 1.00  5.46e-01  1.32e+14      2270.5542
3s2.3p5.(2P*<1/2>).5f      5.0 15.391080 15.937106 1.00  5.46e-01  1.32e+14      2270.6665
3s2.3p5.(2P*<1/2>).5g      9.0 15.392423 15.937106 1.00  5.45e-01  1.32e+14      2276.2652
3s2.3p5.(2P*<1/2>).5g     11.0 15.392423 15.937106 1.00  5.45e-01  1.32e+14      2276.2652
3s2.3p5.(2P*<1/2>).5g      7.0 15.392452 15.937106 1.00  5.45e-01  1.32e+14      2276.3864
3s2.3p5.(2P*<1/2>).5g      9.0 15.392452 15.937106 1.00  5.45e-01  1.32e+14      2276.3864
3s2.3p5.(2P*<3/2>).8p      3.0 15.412684 15.759612 1.00  3.47e-01  8.39e+13      3573.7742
3s2.3p5.(2P*<3/2>).8p      7.0 15.417314 15.759612 1.00  3.42e-01  8.28e+13      3622.1139
3s2.3p5.(2P*<3/2>).8p      5.0 15.418289 15.759612 1.00  3.41e-01  8.25e+13      3632.4606
3s2.3p5.(2P*<3/2>).8p      3.0 15.420697 15.759612 1.00  3.39e-01  8.19e+13      3658.2693
3s2.3p5.(2P*<3/2>).8p      5.0 15.421298 15.759612 1.00  3.38e-01  8.18e+13      3664.7681
3s2.3p5.(2P*<3/2>).8p      1.0 15.428512 15.759612 1.00  3.31e-01  8.01e+13      3744.6160
3s2.3p5.(2P*<3/2>).7d      1.0 15.439343 15.759612 1.00  3.20e-01  7.74e+13      3871.2531
3s2.3p5.(2P*<3/2>).7d      3.0 15.442836 15.759612 1.00  3.17e-01  7.66e+13      3913.9404
3s2.3p5.(2P*<3/2>).7d      5.0 15.448913 15.759612 1.00  3.11e-01  7.51e+13      3990.4936
3s2.3p5.(2P*<3/2>).7d      9.0 15.449653 15.759612 1.00  3.10e-01  7.49e+13      4000.0206
3s2.3p5.(2P*<1/2>).7p      3.0 15.453818 15.937106 1.00  4.83e-01  1.17e+14      2565.4332
3s2.3p5.(2P*<3/2>).7d      7.0 15.454567 15.759612 1.00  3.05e-01  7.38e+13      4064.4573
3s2.3p5.(2P*<1/2>).7p      3.0 15.454748 15.937106 1.00  4.82e-01  1.17e+14      2570.3794
3s2.3p5.(2P*<1/2>).7p      5.0 15.455677 15.937106 1.00  4.81e-01  1.16e+14      2575.3394
3s2.3p5.(2P*<3/2>).7d      5.0 15.459832 15.759612 1.00  3.00e-01  7.25e+13      4135.8409
3s2.3p5.(2P*<3/2>).7d      7.0 15.462699 15.759612 1.00  2.97e-01  7.18e+13      4175.7767
3s2.3p5.(2P*<1/2>).7p      1.0 15.467005 15.937106 1.00  4.70e-01  1.14e+14      2637.3973
3s2.3p5.(2P*<3/2>).9s      5.0 15.469706 15.759612 1.00  2.90e-01  7.01e+13      4276.7049
3s2.3p5.(2P*<3/2>).9s      3.0 15.471072 15.759612 1.00  2.89e-01  6.98e+13      4296.9516
3s2.3p5.(2P*<3/2>).7d      3.0 15.471767 15.759612 1.00  2.88e-01  6.96e+13      4307.3266
3s2.3p5.(2P*<3/2>).7f      3.0 15.480312 15.759612 1.00  2.79e-01  6.75e+13      4439.1064
3s2.3p5.(2P*<3/2>).7f      5.0 15.480336 15.759612 1.00  2.79e-01  6.75e+13      4439.4879
3s2.3p5.(2P*<3/2>).7f     11.0 15.480742 15.759612 1.00  2.79e-01  6.74e+13      4445.9513
3s2.3p5.(2P*<3/2>).7f      9.0 15.480743 15.759612 1.00  2.79e-01  6.74e+13      4445.9672
3s2.3p5.(2P*<3/2>).7f      7.0 15.481284 15.759612 1.00  2.78e-01  6.73e+13      4454.6091
3s2.3p5.(2P*<3/2>).7f      5.0 15.481298 15.759612 1.00  2.78e-01  6.73e+13      4454.8331
3s2.3p5.(2P*<3/2>).7g     11.0 15.481568 15.759612 1.00  2.78e-01  6.72e+13      4459.1591
3s2.3p5.(2P*<3/2>).7g     13.0 15.481568 15.759612 1.00  2.78e-01  6.72e+13      4459.1591
3s2.3p5.(2P*<3/2>).7h      7.0 15.481715 15.759612 1.00  2.78e-01  6.72e+13      4461.5179
3s2.3p5.(2P*<3/2>).7h      9.0 15.481715 15.759612 1.00  2.78e-01  6.72e+13      4461.5179
3s2.3p5.(2P*<3/2>).7f      7.0 15.481736 15.759612 1.00  2.78e-01  6.72e+13      4461.8550
3s2.3p5.(2P*<3/2>).7f      9.0 15.481743 15.759612 1.00  2.78e-01  6.72e+13      4461.9674
3s2.3p5.(2P*<3/2>).7h     13.0 15.481779 15.759612 1.00  2.78e-01  6.72e+13      4462.5456
3s2.3p5.(2P*<3/2>).7h     15.0 15.481779 15.759612 1.00  2.78e-01  6.72e+13      4462.5456
3s2.3p5.(2P*<3/2>).9p      3.0 15.502923 15.759612 1.00  2.57e-01  6.21e+13      4830.1348
3s2.3p5.(2P*<3/2>).9p      7.0 15.504736 15.759612 1.00  2.55e-01  6.16e+13      4864.4928
3s2.3p5.(2P*<3/2>).9p      5.0 15.505434 15.759612 1.00  2.54e-01  6.15e+13      4877.8512
3s2.3p5.(2P*<1/2>).6d      5.0 15.506261 15.937106 1.00  4.31e-01  1.04e+14      2877.7012
3s2.3p5.(2P*<3/2>).9p      3.0 15.507030 15.759612 1.00  2.53e-01  6.11e+13      4908.6731
3s2.3p5.(2P*<3/2>).9p      5.0 15.507341 15.759612 1.00  2.52e-01  6.10e+13      4914.7245
3s2.3p5.(2P*<1/2>).6d      5.0 15.512082 15.937106 1.00  4.25e-01  1.03e+14      2917.1134
3s2.3p5.(2P*<3/2>).9p      1.0 15.513213 15.759612 1.00  2.46e-01  5.96e+13      5031.8487
3s2.3p5.(2P*<3/2>).8d      3.0 15.514866 15.759612 1.00  2.45e-01  5.92e+13      5065.8335
3s2.3p5.(2P*<1/2>).6d      7.0 15.516615 15.937106 1.00  4.20e-01  1.02e+14      2948.5607
3s2.3p5.(2P*<3/2>).8d      1.0 15.518227 15.759612 1.00  2.41e-01  5.84e+13      5136.3693
3s2.3p5.(2P*<3/2>).8d      9.0 15.525275 15.759612 1.00  2.34e-01  5.67e+13      5290.8525
3s2.3p5.(2P*<3/2>).8d      7.0 15.531429 15.759612 1.00  2.28e-01  5.52e+13      5433.5447
3s2.3p5.(2P*<3/2>).8d      5.0 15.533100 15.759612 1.00  2.27e-01  5.48e+13      5473.6285
3s2.3p5.(2P*<1/2>).6d      3.0 15.533517 15.937106 1.00  4.04e-01  9.76e+13      3072.0443
3s2.3p5.(2P*<3/2>).8d      5.0 15.534133 15.759612 1.00  2.25e-01  5.45e+13      5498.7051
3s2.3p5.(2P*<3/2>).8d      7.0 15.534435 15.759612 1.00  2.25e-01  5.44e+13      5506.0798
3s2.3p5.(2P*<3/2>).10s     5.0 15.538932 15.759612 1.00  2.21e-01  5.34e+13      5618.2823
3s2.3p5.(2P*<3/2>).10s     3.0 15.539168 15.759612 1.00  2.20e-01  5.33e+13      5624.2971
3s2.3p5.(2P*<1/2>).8s      1.0 15.539521 15.937106 1.00  3.98e-01  9.61e+13      3118.4358
3s2.3p5.(2P*<1/2>).8s      3.0 15.541820 15.937106 1.00  3.95e-01  9.56e+13      3136.5728
3s2.3p5.(2P*<3/2>).8f      3.0 15.545920 15.759612 1.00  2.14e-01  5.17e+13      5802.0074
3s2.3p5.(2P*<3/2>).8f      5.0 15.545925 15.759612 1.00  2.14e-01  5.17e+13      5802.1432
3s2.3p5.(2P*<3/2>).8f      9.0 15.546100 15.759612 1.00  2.14e-01  5.16e+13      5806.8987
3s2.3p5.(2P*<3/2>).8f     11.0 15.546201 15.759612 1.00  2.13e-01  5.16e+13      5809.6470
3s2.3p5.(2P*<3/2>).8f      7.0 15.546505 15.759612 1.00  2.13e-01  5.15e+13      5817.9345
3s2.3p5.(2P*<3/2>).8f      5.0 15.546515 15.759612 1.00  2.13e-01  5.15e+13      5818.2075
3s2.3p5.(2P*<3/2>).8f      9.0 15.546836 15.759612 1.00  2.13e-01  5.14e+13      5826.9850
3s2.3p5.(2P*<3/2>).8f      7.0 15.546837 15.759612 1.00  2.13e-01  5.14e+13      5827.0124
3s2.3p5.(2P*<1/2>).6f      7.0 15.557865 15.937106 1.00  3.79e-01  9.17e+13      3269.2756
3s2.3p5.(2P*<1/2>).6f      9.0 15.557869 15.937106 1.00  3.79e-01  9.17e+13      3269.3101
3s2.3p5.(2P*<1/2>).6f      7.0 15.557927 15.937106 1.00  3.79e-01  9.17e+13      3269.8102
3s2.3p5.(2P*<1/2>).6f      5.0 15.557954 15.937106 1.00  3.79e-01  9.17e+13      3270.0430
3s2.3p5.(2P*<1/2>).6g     11.0 15.558869 15.937106 1.00  3.78e-01  9.15e+13      3277.9537
3s2.3p5.(2P*<1/2>).6g      9.0 15.558869 15.937106 1.00  3.78e-01  9.15e+13      3277.9537
3s2.3p5.(2P*<1/2>).6g      7.0 15.558880 15.937106 1.00  3.78e-01  9.15e+13      3278.0490
3s2.3p5.(2P*<1/2>).6g      9.0 15.558880 15.937106 1.00  3.78e-01  9.15e+13      3278.0490
3s2.3p5.(2P*<3/2>).10p     3.0 15.560694 15.759612 1.00  1.99e-01  4.81e+13      6232.9332
3s2.3p5.(2P*<3/2>).10p     7.0 15.562470 15.759612 1.00  1.97e-01  4.77e+13      6289.0841
3s2.3p5.(2P*<3/2>).10p     5.0 15.562890 15.759612 1.00  1.97e-01  4.76e+13      6302.5112
3s2.3p5.(2P*<3/2>).10p     3.0 15.563930 15.759612 1.00  1.96e-01  4.73e+13      6336.0075
3s2.3p5.(2P*<3/2>).10p     5.0 15.564211 15.759612 1.00  1.95e-01  4.72e+13      6345.1191
3s2.3p5.(2P*<3/2>).10p     1.0 15.567680 15.759612 1.00  1.92e-01  4.64e+13      6459.8015
3s2.3p5.(2P*<3/2>).9d      1.0 15.571807 15.759612 1.00  1.88e-01  4.54e+13      6601.7552
3s2.3p5.(2P*<3/2>).9d      3.0 15.574036 15.759612 1.00  1.86e-01  4.49e+13      6681.0506
3s2.3p5.(2P*<3/2>).9d      9.0 15.576338 15.759612 1.00  1.83e-01  4.43e+13      6764.9675
3s2.3p5.(2P*<3/2>).9d      5.0 15.577111 15.759612 1.00  1.83e-01  4.41e+13      6793.6212
3s2.3p5.(2P*<3/2>).9d      7.0 15.578861 15.759612 1.00  1.81e-01  4.37e+13      6859.3959
3s2.3p5.(2P*<3/2>).9d      5.0 15.581278 15.759612 1.00  1.78e-01  4.31e+13      6952.3629
3s2.3p5.(2P*<3/2>).9d      7.0 15.582381 15.759612 1.00  1.77e-01  4.29e+13      6995.6310
3s2.3p5.(2P*<3/2>).11s     5.0 15.585975 15.759612 1.00  1.74e-01  4.20e+13      7140.4292
3s2.3p5.(2P*<3/2>).11s     3.0 15.586724 15.759612 1.00  1.73e-01  4.18e+13      7171.3636
3s2.3p5.(2P*<3/2>).9d      3.0 15.587059 15.759612 1.00  1.73e-01  4.17e+13      7185.2863
3s2.3p5.(2P*<3/2>).8d      3.0 15.589390 15.759612 1.00  1.70e-01  4.12e+13      7283.6808
3s2.3p5.(2P*<3/2>).9f      3.0 15.590858 15.759612 1.00  1.69e-01  4.08e+13      7347.0420
3s2.3p5.(2P*<3/2>).9f      5.0 15.590858 15.759612 1.00  1.69e-01  4.08e+13      7347.0420
3s2.3p5.(2P*<3/2>).9f     11.0 15.591055 15.759612 1.00  1.69e-01  4.08e+13      7355.6288
3s2.3p5.(2P*<3/2>).9f      9.0 15.591055 15.759612 1.00  1.69e-01  4.08e+13      7355.6288
3s2.3p5.(2P*<3/2>).9f      5.0 15.591340 15.759612 1.00  1.68e-01  4.07e+13      7368.0869
3s2.3p5.(2P*<3/2>).9f      7.0 15.591340 15.759612 1.00  1.68e-01  4.07e+13      7368.0869
3s2.3p5.(2P*<3/2>).9f      7.0 15.591527 15.759612 1.00  1.68e-01  4.06e+13      7376.2842
3s2.3p5.(2P*<3/2>).9f      9.0 15.591527 15.759612 1.00  1.68e-01  4.06e+13      7376.2842
3s2.3p5.(2P*<1/2>).8p      3.0 15.594400 15.937106 1.00  3.43e-01  8.29e+13      3617.8051
3s2.3p5.(2P*<1/2>).8p      3.0 15.595192 15.937106 1.00  3.42e-01  8.27e+13      3626.1853
3s2.3p5.(2P*<1/2>).8p      5.0 15.596214 15.937106 1.00  3.41e-01  8.24e+13      3637.0566
3s2.3p5.(2P*<1/2>).8p      1.0 15.601121 15.937106 1.00  3.36e-01  8.12e+13      3690.1753
3s2.3p5.(2P*<3/2>).11p     3.0 15.602700 15.759612 1.00  1.57e-01  3.79e+13      7901.5166
3s2.3p5.(2P*<3/2>).11p     5.0 15.602980 15.759612 1.00  1.57e-01  3.79e+13      7915.6416
3s2.3p5.(2P*<3/2>).11p     3.0 15.603820 15.759612 1.00  1.56e-01  3.77e+13      7958.3212
3s2.3p5.(2P*<3/2>).11p     5.0 15.603879 15.759612 1.00  1.56e-01  3.77e+13      7961.3363
3s2.3p5.(2P*<3/2>).11p     1.0 15.608220 15.759612 1.00  1.51e-01  3.66e+13      8189.6190
3s2.3p5.(2P*<3/2>).10d     1.0 15.609082 15.759612 1.00  1.51e-01  3.64e+13      8236.5164
3s2.3p5.(2P*<3/2>).10d     3.0 15.609435 15.759612 1.00  1.50e-01  3.63e+13      8255.8768
3s2.3p5.(2P*<3/2>).10d     5.0 15.610410 15.759612 1.00  1.49e-01  3.61e+13      8309.8270
3s2.3p5.(2P*<3/2>).10d     9.0 15.612397 15.759612 1.00  1.47e-01  3.56e+13      8421.9871
3s2.3p5.(2P*<3/2>).10d     7.0 15.613644 15.759612 1.00  1.46e-01  3.53e+13      8493.9359
3s2.3p5.(2P*<3/2>).10d     5.0 15.615273 15.759612 1.00  1.44e-01  3.49e+13      8589.7979
3s2.3p5.(2P*<3/2>).10d     7.0 15.616707 15.759612 1.00  1.43e-01  3.46e+13      8675.9935
3s2.3p5.(2P*<3/2>).10d     3.0 15.619450 15.759612 1.00  1.40e-01  3.39e+13      8845.7847
3s2.3p5.(2P*<3/2>).12s     5.0 15.619450 15.759612 1.00  1.40e-01  3.39e+13      8845.7847
3s2.3p5.(2P*<3/2>).12s     3.0 15.620065 15.759612 1.00  1.40e-01  3.37e+13      8884.7691
3s2.3p5.(2P*<3/2>).10f     5.0 15.623050 15.759612 1.00  1.37e-01  3.30e+13      9078.9743
3s2.3p5.(2P*<3/2>).10f     3.0 15.623050 15.759612 1.00  1.37e-01  3.30e+13      9078.9743
3s2.3p5.(2P*<3/2>).10f     7.0 15.623290 15.759612 1.00  1.36e-01  3.30e+13      9094.9582
3s2.3p5.(2P*<3/2>).10f     5.0 15.623290 15.759612 1.00  1.36e-01  3.30e+13      9094.9582
3s2.3p5.(2P*<1/2>).7d      5.0 15.628593 15.937106 1.00  3.09e-01  7.46e+13      4018.7729
3s2.3p5.(2P*<1/2>).7d      5.0 15.629999 15.937106 1.00  3.07e-01  7.43e+13      4037.1717
3s2.3p5.(2P*<3/2>).12p     3.0 15.631010 15.759612 1.00  1.29e-01  3.11e+13      9640.9305
3s2.3p5.(2P*<3/2>).12p     5.0 15.631850 15.759612 1.00  1.28e-01  3.09e+13      9704.3170
3s2.3p5.(2P*<3/2>).12p     5.0 15.632560 15.759612 1.00  1.27e-01  3.07e+13      9758.5474
3s2.3p5.(2P*<1/2>).7d      7.0 15.633111 15.937106 1.00  3.04e-01  7.35e+13      4078.5003
3s2.3p5.(2P*<3/2>).11d     3.0 15.634328 15.759612 1.00  1.25e-01  3.03e+13      9896.2595
3s2.3p5.(2P*<3/2>).12p     1.0 15.634608 15.759612 1.00  1.25e-01  3.02e+13      9918.4264
3s2.3p5.(2P*<3/2>).11d     1.0 15.636218 15.759612 1.00  1.23e-01  2.98e+13     10047.8385
3s2.3p5.(2P*<3/2>).11d     9.0 15.638792 15.759612 1.00  1.21e-01  2.92e+13     10261.9021
3s2.3p5.(2P*<3/2>).11d     7.0 15.641168 15.759612 1.00  1.18e-01  2.86e+13     10467.7572
3s2.3p5.(2P*<3/2>).11d     5.0 15.641868 15.759612 1.00  1.18e-01  2.85e+13     10529.9891
3s2.3p5.(2P*<1/2>).7d      3.0 15.642080 15.937106 1.00  2.95e-01  7.13e+13      4202.4898
3s2.3p5.(2P*<3/2>).11d     5.0 15.642147 15.759612 1.00  1.17e-01  2.84e+13     10554.9997
3s2.3p5.(2P*<3/2>).11d     7.0 15.642246 15.759612 1.00  1.17e-01  2.84e+13     10563.9030
3s2.3p5.(2P*<3/2>).13s     5.0 15.644102 15.759612 1.00  1.16e-01  2.79e+13     10733.6426
3s2.3p5.(2P*<3/2>).13s     3.0 15.644470 15.759612 1.00  1.15e-01  2.78e+13     10767.9479
3s2.3p5.(2P*<1/2>).9s      1.0 15.647151 15.937106 1.00  2.90e-01  7.01e+13      4275.9869
3s2.3p5.(2P*<3/2>).11d     3.0 15.647310 15.759612 1.00  1.12e-01  2.72e+13     11040.2583
3s2.3p5.(2P*<3/2>).11f     7.0 15.648230 15.759612 1.00  1.11e-01  2.69e+13     11131.4494
3s2.3p5.(2P*<3/2>).11f     5.0 15.648230 15.759612 1.00  1.11e-01  2.69e+13     11131.4494
3s2.3p5.(2P*<3/2>).11f     3.0 15.648230 15.759612 1.00  1.11e-01  2.69e+13     11131.4494
3s2.3p5.(2P*<3/2>).11f     5.0 15.648230 15.759612 1.00  1.11e-01  2.69e+13     11131.4494
3s2.3p5.(2P*<1/2>).9s      3.0 15.648234 15.937106 1.00  2.89e-01  6.98e+13      4292.0179
3s2.3p5.(2P*<3/2>).13p     5.0 15.653410 15.759612 1.00  1.06e-01  2.57e+13     11674.3861
3s2.3p5.(2P*<3/2>).13p     5.0 15.653920 15.759612 1.00  1.06e-01  2.56e+13     11730.7190
3s2.3p5.(2P*<3/2>).13p     1.0 15.655500 15.759612 1.00  1.04e-01  2.52e+13     11908.7442
3s2.3p5.(2P*<3/2>).12d     1.0 15.656894 15.759612 1.00  1.03e-01  2.48e+13     12070.3595
3s2.3p5.(2P*<3/2>).12d     3.0 15.658293 15.759612 1.00  1.01e-01  2.45e+13     12237.0257
3s2.3p5.(2P*<1/2>).7f      7.0 15.658563 15.937106 1.00  2.79e-01  6.74e+13      4451.1758
3s2.3p5.(2P*<1/2>).7f      9.0 15.658565 15.937106 1.00  2.79e-01  6.74e+13      4451.2077
3s2.3p5.(2P*<1/2>).7f      7.0 15.658581 15.937106 1.00  2.79e-01  6.73e+13      4451.4634
3s2.3p5.(2P*<1/2>).7f      5.0 15.658600 15.937106 1.00  2.79e-01  6.73e+13      4451.7671
3s2.3p5.(2P*<3/2>).12d     9.0 15.658675 15.759612 1.00  1.01e-01  2.44e+13     12283.3373
3s2.3p5.(2P*<1/2>).7h     11.0 15.659364 15.937106 1.00  2.78e-01  6.72e+13      4464.0129
3s2.3p5.(2P*<1/2>).7h     13.0 15.659364 15.937106 1.00  2.78e-01  6.72e+13      4464.0129
3s2.3p5.(2P*<1/2>).7h     11.0 15.659394 15.937106 1.00  2.78e-01  6.72e+13      4464.4951
3s2.3p5.(2P*<1/2>).7h      9.0 15.659394 15.937106 1.00  2.78e-01  6.72e+13      4464.4951
3s2.3p5.(2P*<3/2>).12d     5.0 15.659522 15.759612 1.00  1.00e-01  2.42e+13     12387.2837
3s2.3p5.(2P*<3/2>).12d     7.0 15.659853 15.759612 1.00  9.98e-02  2.41e+13     12428.3847
3s2.3p5.(2P*<3/2>).12d     5.0 15.660823 15.759612 1.00  9.88e-02  2.39e+13     12550.4180
3s2.3p5.(2P*<3/2>).12d     7.0 15.661188 15.759612 1.00  9.84e-02  2.38e+13     12596.9605
3s2.3p5.(2P*<3/2>).14s     5.0 15.662768 15.759612 2.05  9.68e-02  2.34e+13     12802.4789
3s2.3p5.(2P*<3/2>).14s     3.0 15.663170 15.759612 2.05  9.64e-02  2.33e+13     12855.8436
3s2.3p5.(2P*<3/2>).12d     3.0 15.663440 15.759612 1.00  9.62e-02  2.33e+13     12891.9360
3s2.3p5.(2P*<3/2>).12f     3.0 15.664820 15.759612 1.00  9.48e-02  2.29e+13     13079.6195
3s2.3p5.(2P*<3/2>).12f     5.0 15.664820 15.759612 1.00  9.48e-02  2.29e+13     13079.6195
3s2.3p5.(2P*<3/2>).12f     5.0 15.664900 15.759612 1.00  9.47e-02  2.29e+13     13090.6674
3s2.3p5.(2P*<3/2>).12f     7.0 15.664900 15.759612 1.00  9.47e-02  2.29e+13     13090.6674
3s2.3p5.(2P*<3/2>).14p     5.0 15.669950 15.759612 2.05  8.97e-02  2.17e+13     13827.9691
3s2.3p5.(2P*<3/2>).14p     5.0 15.670360 15.759612 2.05  8.93e-02  2.16e+13     13891.4912
3s2.3p5.(2P*<3/2>).13d     3.0 15.673207 15.759612 1.00  8.64e-02  2.09e+13     14349.2092
3s2.3p5.(2P*<3/2>).13d     9.0 15.674054 15.759612 1.00  8.56e-02  2.07e+13     14491.2625
3s2.3p5.(2P*<3/2>).13d     5.0 15.674169 15.759612 1.00  8.54e-02  2.07e+13     14510.7667
3s2.3p5.(2P*<3/2>).13d     7.0 15.674828 15.759612 1.00  8.48e-02  2.05e+13     14623.5545
3s2.3p5.(2P*<3/2>).13d     5.0 15.675583 15.759612 1.00  8.40e-02  2.03e+13     14754.9472
3s2.3p5.(2P*<3/2>).13d     7.0 15.675992 15.759612 1.00  8.36e-02  2.02e+13     14827.1163
3s2.3p5.(2P*<3/2>).15s     3.0 15.677540 15.759612 1.00  8.21e-02  1.98e+13     15106.7781
3s2.3p5.(2P*<3/2>).13d     3.0 15.677540 15.759612 1.00  8.21e-02  1.98e+13     15106.7781
3s2.3p5.(2P*<3/2>).13f     3.0 15.678890 15.759612 1.00  8.07e-02  1.95e+13     15359.4252
3s2.3p5.(2P*<3/2>).13f     5.0 15.678890 15.759612 1.00  8.07e-02  1.95e+13     15359.4252
3s2.3p5.(2P*<3/2>).13f     7.0 15.678950 15.759612 1.00  8.07e-02  1.95e+13     15370.8502
3s2.3p5.(2P*<3/2>).13f     5.0 15.678950 15.759612 1.00  8.07e-02  1.95e+13     15370.8502
3s2.3p5.(2P*<3/2>).15p     5.0 15.683110 15.759612 1.00  7.65e-02  1.85e+13     16206.6822
3s2.3p5.(2P*<3/2>).15p     5.0 15.683580 15.759612 1.00  7.60e-02  1.84e+13     16306.8657
3s2.3p5.(2P*<3/2>).14d     1.0 15.684998 15.759612 1.00  7.46e-02  1.80e+13     16616.7696
3s2.3p5.(2P*<3/2>).14d     3.0 15.685198 15.759612 1.00  7.44e-02  1.80e+13     16661.4300
3s2.3p5.(2P*<3/2>).14d     5.0 15.685820 15.759612 1.00  7.38e-02  1.78e+13     16801.8710
3s2.3p5.(2P*<3/2>).14d     9.0 15.686152 15.759612 1.00  7.35e-02  1.78e+13     16877.8066
3s2.3p5.(2P*<3/2>).14d     7.0 15.686933 15.759612 1.00  7.27e-02  1.76e+13     17059.1738
3s2.3p5.(2P*<1/2>).9p      1.0 15.687000 15.937106 1.00  2.50e-01  6.05e+13      4957.2744
3s2.3p5.(2P*<3/2>).14d     7.0 15.687730 15.759612 1.00  7.19e-02  1.74e+13     17248.3196
3s2.3p5.(2P*<3/2>).14d     3.0 15.688840 15.759612 1.00  7.08e-02  1.71e+13     17518.8455
3s2.3p5.(2P*<3/2>).16s     3.0 15.688910 15.759612 1.00  7.07e-02  1.71e+13     17536.1905
3s2.3p5.(2P*<3/2>).14f     5.0 15.690030 15.759612 1.00  6.96e-02  1.68e+13     17818.4554
3s2.3p5.(2P*<3/2>).14f     5.0 15.690080 15.759612 1.00  6.95e-02  1.68e+13     17831.2686
3s2.3p5.(2P*<3/2>).16p     5.0 15.693290 15.759612 1.00  6.63e-02  1.60e+13     18694.3074
3s2.3p5.(2P*<3/2>).15d     3.0 15.694950 15.759612 1.00  6.47e-02  1.56e+13     19174.2275
3s2.3p5.(2P*<3/2>).15d     3.0 15.697920 15.759612 1.00  6.17e-02  1.49e+13     20097.3221
3s2.3p5.(2P*<3/2>).17s     3.0 15.698120 15.759612 1.00  6.15e-02  1.49e+13     20162.6878
3s2.3p5.(2P*<3/2>).15f     5.0 15.699050 15.759612 1.00  6.06e-02  1.46e+13     20472.3099
3s2.3p5.(2P*<3/2>).15f     5.0 15.699050 15.759612 1.00  6.06e-02  1.46e+13     20472.3099
3s2.3p5.(2P*<3/2>).17p     5.0 15.701660 15.759612 1.00  5.80e-02  1.40e+13     21394.3285
3s2.3p5.(2P*<3/2>).16d     3.0 15.702780 15.759612 1.00  5.68e-02  1.37e+13     21815.9517
3s2.3p5.(2P*<3/2>).16d     3.0 15.705330 15.759612 1.00  5.43e-02  1.31e+13     22840.7993
3s2.3p5.(2P*<3/2>).18s     3.0 15.705620 15.759612 1.00  5.40e-02  1.31e+13     22963.4813
3s2.3p5.(2P*<3/2>).16f     5.0 15.706380 15.759612 1.00  5.32e-02  1.29e+13     23291.3344
3s2.3p5.(2P*<3/2>).16f     5.0 15.706380 15.759612 1.00  5.32e-02  1.29e+13     23291.3344
3s2.3p5.(2P*<3/2>).17d     3.0 15.708970 15.759612 1.00  5.06e-02  1.22e+13     24482.5329
3s2.3p5.(2P*<3/2>).17d     3.0 15.711300 15.759612 1.00  4.83e-02  1.17e+13     25663.2835
3s2.3p5.(2P*<3/2>).19s     3.0 15.711840 15.759612 1.00  4.78e-02  1.16e+13     25953.3739
3s2.3p5.(2P*<3/2>).17f     5.0 15.712550 15.759612 1.00  4.71e-02  1.14e+13     26344.9199
3s2.3p5.(2P*<3/2>).17f     5.0 15.712550 15.759612 1.00  4.71e-02  1.14e+13     26344.9199
3s2.3p5.(2P*<1/2>).8d      3.0 15.713470 15.937106 1.00  2.24e-01  5.41e+13      5544.0283
3s2.3p5.(2P*<1/2>).10s     3.0 15.716050 15.937106 1.00  2.21e-01  5.35e+13      5608.7342
3s2.3p5.(2P*<3/2>).18d     3.0 15.716820 15.759612 1.00  4.28e-02  1.03e+13     28973.7540
3s2.3p5.(2P*<3/2>).20s     3.0 15.717270 15.759612 1.00  4.23e-02  1.02e+13     29281.6804
3s2.3p5.(2P*<3/2>).18d     3.0 15.717540 15.759612 1.00  4.21e-02  1.02e+13     29469.5981
3s2.3p5.(2P*<3/2>).19d     3.0 15.720350 15.759612 1.00  3.93e-02  9.49e+12     31578.7566
3s2.3p5.(2P*<3/2>).21s     3.0 15.721480 15.759612 1.00  3.81e-02  9.22e+12     32514.5609
3s2.3p5.(2P*<3/2>).19d     3.0 15.721590 15.759612 1.00  3.80e-02  9.19e+12     32608.6278
3s2.3p5.(2P*<3/2>).20d     3.0 15.724150 15.759612 1.00  3.55e-02  8.57e+12     34962.6496
3s2.3p5.(2P*<3/2>).22s     3.0 15.725260 15.759612 1.00  3.44e-02  8.31e+12     36092.3845
3s2.3p5.(2P*<3/2>).20d     3.0 15.725260 15.759612 1.00  3.44e-02  8.31e+12     36092.3845
3s2.3p5.(2P*<3/2>).21d     3.0 15.727470 15.759612 1.00  3.21e-02  7.77e+12     38574.0104
3s2.3p5.(2P*<3/2>).21d     3.0 15.728450 15.759612 1.00  3.12e-02  7.53e+12     39787.1113
3s2.3p5.(2P*<3/2>).22d     3.0 15.730350 15.759612 1.00  2.93e-02  7.08e+12     42370.5222
3s2.3p5.(2P*<3/2>).22d     3.0 15.731210 15.759612 1.00  2.84e-02  6.87e+12     43653.4874
3s2.3p5.(2P*<3/2>).23d     3.0 15.732850 15.759612 1.00  2.68e-02  6.47e+12     46328.6233
3s2.3p5.(2P*<3/2>).23d     3.0 15.733640 15.759612 1.00  2.60e-02  6.28e+12     47737.8237
3s2.3p5.(2P*<3/2>).24d     3.0 15.735070 15.759612 1.00  2.45e-02  5.93e+12     50519.3968
3s2.3p5.(2P*<3/2>).24d     3.0 15.735760 15.759612 1.00  2.39e-02  5.77e+12     51980.8478
3s2.3p5.(2P*<3/2>).25d     3.0 15.737030 15.759612 1.00  2.26e-02  5.46e+12     54904.2368
3s2.3p5.(2P*<3/2>).25d     3.0 15.737650 15.759612 1.00  2.20e-02  5.31e+12     56454.2223
3s2.3p5.(2P*<3/2>).26d     3.0 15.738760 15.759612 1.00  2.09e-02  5.04e+12     59459.4250
3s2.3p5.(2P*<3/2>).26d     3.0 15.739310 15.759612 1.00  2.03e-02  4.91e+12     61070.2439
3s2.3p5.(2P*<3/2>).27d     3.0 15.740280 15.759612 1.00  1.93e-02  4.67e+12     64134.5126
3s2.3p5.(2P*<3/2>).27d     3.0 15.740800 15.759612 1.00  1.88e-02  4.55e+12     65907.3238
3s2.3p5.(2P*<3/2>).28d     3.0 15.741650 15.759612 1.00  1.80e-02  4.34e+12     69026.2157
3s2.3p5.(2P*<3/2>).28d     3.0 15.742120 15.759612 1.00  1.75e-02  4.23e+12     70880.9211
3s2.3p5.(2P*<3/2>).29d     3.0 15.742890 15.759612 1.00  1.67e-02  4.04e+12     74144.8032
3s2.3p5.(2P*<3/2>).29d     3.0 15.743330 15.759612 1.00  1.63e-02  3.94e+12     76148.4829
3s2.3p5.(2P*<3/2>).30d     3.0 15.744010 15.759612 1.00  1.56e-02  3.77e+12     79467.3716
3s2.3p5.(2P*<3/2>).30d     3.0 15.744380 15.759612 1.00  1.52e-02  3.68e+12     81397.7235
3s2.3p5.(2P*<3/2>).31d     3.0 15.745030 15.759612 1.00  1.46e-02  3.53e+12     85026.0929
3s2.3p5.(2P*<3/2>).31d     3.0 15.745350 15.759612 1.00  1.43e-02  3.45e+12     86933.8576
3s2.3p5.(2P*<3/2>).32d     3.0 15.745960 15.759612 1.00  1.37e-02  3.30e+12     90818.2732
3s2.3p5.(2P*<3/2>).32d     3.0 15.746240 15.759612 1.00  1.34e-02  3.23e+12     92719.9564
3s2.3p5.(2P*<3/2>).33d     3.0 15.746800 15.759612 1.00  1.28e-02  3.10e+12     96772.6867
3s2.3p5.(2P*<3/2>).33d     3.0 15.747030 15.759612 1.00  1.26e-02  3.04e+12     98541.7134
3s2.3p5.(2P*<3/2>).34d     3.0 15.747570 15.759612 1.00  1.20e-02  2.91e+12    102960.6611
3s2.3p5.(2P*<3/2>).34d     3.0 15.747780 15.759612 1.00  1.18e-02  2.86e+12    104788.0716
3s2.3p5.(2P*<3/2>).35d     3.0 15.748440 15.759612 1.00  1.12e-02  2.70e+12    110978.6146
3s2.3p5.(2P*<3/2>).36d     3.0 15.749060 15.759612 1.00  1.06e-02  2.55e+12    117499.4062
3s2.3p5.(2P*<3/2>).37d     3.0 15.749630 15.759612 1.00  9.98e-03  2.41e+12    124209.0168
3s2.3p5.(2P*<3/2>).38d     3.0 15.750150 15.759612 1.00  9.46e-03  2.29e+12    131035.2027
3s2.3p5.(2P*<3/2>).39d     3.0 15.750620 15.759612 1.00  8.99e-03  2.17e+12    137884.3164
3s2.3p5.(2P*<3/2>).40d     3.0 15.751080 15.759612 1.00  8.53e-03  2.06e+12    145318.3915
3s2.3p5.(2P*<3/2>).41d     3.0 15.751470 15.759612 1.00  8.14e-03  1.97e+12    152279.1958
3s2.3p5.(2P*<3/2>).42d     3.0 15.751910 15.759612 1.00  7.70e-03  1.86e+12    160978.7175
3s2.3p5.(2P*<3/2>).43d     3.0 15.752230 15.759612 1.00  7.38e-03  1.78e+12    167957.0279
3s2.3p5.(2P*<3/2>).44d     3.0 15.752540 15.759612 1.00  7.07e-03  1.71e+12    175319.5017
3s2.3p5.(2P*<3/2>).45d     3.0 15.752870 15.759612 1.00  6.74e-03  1.63e+12    183900.9751
3s2.3p5.(2P*<3/2>).46d     3.0 15.753150 15.759612 1.00  6.46e-03  1.56e+12    191869.5715
3s2.3p5.(2P*<3/2>).47d     3.0 15.753420 15.759612 1.00  6.19e-03  1.50e+12    200236.1124
3s2.3p5.(2P*<3/2>).48d     3.0 15.753680 15.759612 1.00  5.93e-03  1.43e+12    209012.6240
3s2.3p5.(2P*<3/2>).49d     3.0 15.753920 15.759612 1.00  5.69e-03  1.38e+12    217825.6794
3s2.3p5.(2P*<3/2>).50d     3.0 15.754140 15.759612 1.00  5.47e-03  1.32e+12    226583.4508
3s2.3p5.(2P*<3/2>).51d     3.0 15.754350 15.759612 1.00  5.26e-03  1.27e+12    235626.2917
3s2.3p5.(2P*<3/2>).52d     3.0 15.754570 15.759612 1.00  5.04e-03  1.22e+12    245907.6904
3s2.3p5.(2P*<3/2>).53d     3.0 15.754750 15.759612 1.00  4.86e-03  1.18e+12    255011.8234
3s2.3p5.(2P*<3/2>).54d     3.0 15.754920 15.759612 1.00  4.69e-03  1.13e+12    264251.5792
3s2.3p5.(2P*<3/2>).55d     3.0 15.755090 15.759612 1.00  4.52e-03  1.09e+12    274186.0688
3s2.3p5.(2P*<3/2>).56d     3.0 15.755280 15.759612 1.00  4.33e-03  1.05e+12    286212.0511
3s2.3p5.(2P*<3/2>).57d     3.0 15.755440 15.759612 1.00  4.17e-03  1.01e+12    297188.8071
3s2.3p5.(2P*<1/2>).9d      3.0 15.762200 15.937106 1.00  1.75e-01  4.23e+13      7088.6360
3s2.3p5.(2P*<1/2>).11s     3.0 15.763920 15.937106 1.00  1.73e-01  4.19e+13      7159.0371
3s2.3p5.(2P*<1/2>).10d     3.0 15.796100 15.937106 1.00  1.41e-01  3.41e+13      8792.8576
3s2.3p5.(2P*<1/2>).12s     3.0 15.797290 15.937106 1.00  1.40e-01  3.38e+13      8867.6955
3s2.3p5.(2P*<1/2>).11d     3.0 15.821000 15.937106 1.00  1.16e-01  2.81e+13     10678.5736
3s2.3p5.(2P*<1/2>).13s     3.0 15.821850 15.937106 1.00  1.15e-01  2.79e+13     10757.3272
3s2.3p5.(2P*<1/2>).12d     3.0 15.839700 15.937106 1.00  9.74e-02  2.36e+13     12728.6546
3s2.3p5.(2P*<1/2>).14s     3.0 15.840470 15.937106 2.05  9.66e-02  2.34e+13     12830.0775
3s2.3p5.(2P*<1/2>).13d     3.0 15.854400 15.937106 1.00  8.27e-02  2.00e+13     14991.0319
3s2.3p5.(2P*<1/2>).15s     3.0 15.854910 15.937106 1.00  8.22e-02  1.99e+13     15084.0469
3s2.3p5.(2P*<1/2>).14d     3.0 15.865900 15.937106 1.00  7.12e-02  1.72e+13     17412.1464
3s2.3p5.(2P*<1/2>).16s     3.0 15.866380 15.937106 1.00  7.07e-02  1.71e+13     17530.3191
3s2.3p5.(2P*<1/2>).15d     3.0 15.875200 15.937106 1.00  6.19e-02  1.50e+13     20027.9520
3s2.3p5.(2P*<1/2>).17s     3.0 15.875560 15.937106 1.00  6.15e-02  1.49e+13     20145.1020
3s2.3p5.(2P*<1/2>).16d     3.0 15.882700 15.937106 1.00  5.44e-02  1.32e+13     22788.8754
3s2.3p5.(2P*<1/2>).18s     3.0 15.883070 15.937106 1.00  5.40e-02  1.31e+13     22944.9186
3s2.3p5.(2P*<1/2>).17d     3.0 15.889100 15.937106 1.00  4.80e-02  1.16e+13     25827.0389
3s2.3p5.(2P*<1/2>).19s     3.0 15.889290 15.937106 1.00  4.78e-02  1.16e+13     25929.6653
3s2.3p5.(2P*<1/2>).18d     3.0 15.894300 15.937106 1.00  4.28e-02  1.04e+13     28964.4944
3s2.3p5.(2P*<1/2>).20s     3.0 15.894510 15.937106 1.00  4.26e-02  1.03e+13     29107.2920
3s2.3p5.(2P*<1/2>).19d     3.0 15.898700 15.937106 1.00  3.84e-02  9.29e+12     32282.8606
3s2.3p5.(2P*<1/2>).21s     3.0 15.898920 15.937106 1.00  3.82e-02  9.23e+12     32468.8530
3s2.3p5.(2P*<1/2>).20d     3.0 15.902500 15.937106 1.00  3.46e-02  8.37e+12     35827.8054
3s2.3p5.(2P*<1/2>).22s     3.0 15.902650 15.937106 1.00  3.45e-02  8.33e+12     35983.7792
3s2.3p5.(2P*<1/2>).21d     3.0 15.905800 15.937106 1.00  3.13e-02  7.57e+12     39604.5045
3s2.3p5.(2P*<1/2>).23s     3.0 15.905880 15.937106 1.00  3.12e-02  7.55e+12     39705.9713
3s2.3p5.(2P*<1/2>).24s     3.0 15.908670 15.937106 2.05  2.84e-02  6.88e+12     43601.7828
3s2.3p5.(2P*<1/2>).25s     3.0 15.911120 15.937106 1.00  2.60e-02  6.28e+12     47712.6924
3s2.3p5.(2P*<1/2>).26s     3.0 15.913250 15.937106 1.00  2.39e-02  5.77e+12     51972.8292
3s2.3p5.(2P*<1/2>).27s     3.0 15.915120 15.937106 1.00  2.20e-02  5.32e+12     56393.4172
3s2.3p5.(2P*<1/2>).28s     3.0 15.916790 15.937106 1.00  2.03e-02  4.91e+12     61029.1207
3s2.3p5.(2P*<1/2>).29s     3.0 15.918280 15.937106 1.00  1.88e-02  4.55e+12     65859.4309
3s2.3p5.(2P*<1/2>).30s     3.0 15.919620 15.937106 1.00  1.75e-02  4.23e+12     70906.5404
3s2.3p5.(2P*<1/2>).31s     3.0 15.920810 15.937106 1.00  1.63e-02  3.94e+12     76084.5569
3s2.3p5.(2P*<1/2>).32s     3.0 15.921890 15.937106 1.00  1.52e-02  3.68e+12     81485.0294
3s2.3p5.(2P*<1/2>).33s     3.0 15.922860 15.937106 1.00  1.42e-02  3.44e+12     87033.4507
3s2.3p5.(2P*<1/2>).34s     3.0 15.923750 15.937106 2.05  1.34e-02  3.23e+12     92833.2565
3s2.3p5.(2P*<1/2>).35s     3.0 15.924570 15.937106 1.00  1.25e-02  3.03e+12     98905.8332
3s2.3p5.(2P*<1/2>).36s     3.0 15.925290 15.937106 1.00  1.18e-02  2.86e+12    104932.8077
3s2.3p5.(2P*<1/2>).37s     3.0 15.925960 15.937106 1.00  1.11e-02  2.69e+12    111240.6877
3s2.3p5.(2P*<1/2>).38s     3.0 15.926580 15.937106 1.00  1.05e-02  2.55e+12    117793.2223
3s2.3p5.(2P*<1/2>).39s     3.0 15.927130 15.937106 1.00  9.98e-03  2.41e+12    124287.7090
3s2.3p5.(2P*<1/2>).40s     3.0 15.927680 15.937106 1.00  9.43e-03  2.28e+12    131540.1264
3s2.3p5.(2P*<1/2>).41s     3.0 15.928160 15.937106 1.00  8.95e-03  2.16e+12    138598.2781
3s2.3p5.(2P*<1/2>).42s     3.0 15.928580 15.937106 1.00  8.53e-03  2.06e+12    145426.1158
3s2.3p5.(2P*<1/2>).43s     3.0 15.929020 15.937106 1.00  8.09e-03  1.96e+12    153339.8945
3s2.3p5.(2P*<1/2>).44s     3.0 15.929420 15.937106 2.05  7.69e-03  1.86e+12    161320.5489
3s2.3p5.(2P*<1/2>).45s     3.0 15.929740 15.937106 1.00  7.37e-03  1.78e+12    168329.1722
3s2.3p5.(2P*<1/2>).46s     3.0 15.930080 15.937106 1.00  7.03e-03  1.70e+12    176475.3920
3s2.3p5.(2P*<1/2>).47s     3.0 15.930420 15.937106 1.00  6.69e-03  1.62e+12    185450.1755
3s2.3p5.(2P*<1/2>).48s     3.0 15.930680 15.937106 1.00  6.43e-03  1.55e+12    192954.0966
3s2.3p5.(2P*<1/2>).49s     3.0 15.930950 15.937106 1.00  6.16e-03  1.49e+12    201417.5731
3s2.3p5.(2P*<1/2>).50s     3.0 15.931210 15.937106 1.00  5.90e-03  1.43e+12    210300.2562
3s2.3p5.(2P*<1/2>).51s     3.0 15.931410 15.937106 1.00  5.70e-03  1.38e+12    217684.9389
